keyword,topic,category
CD(certificates of deposit),<<KEYWORD>>,Stock
DR(Depository Receipts),<<KEYWORD>>,Stock
IMC (IMC (Integrated Marketing Communications )),<<KEYWORD>>,Stock
M 0 (Merger 0),<<KEYWORD>>,Stock
MMF(Money Market Fund) (Money Market Fund ),<<KEYWORD>>,Stock
NYSE (New York Stick Exchange),<<KEYWORD>>,Stock
OBV지표(On Balance Volume),<<KEYWORD>>,Stock
PSR(price selling ratio) (price selling ratio),<<KEYWORD>>,Stock
SEC,<<KEYWORD>>,Stock
가격변동준비금 (reserve for fluctuation) (reserve for fluctuation),<<KEYWORD>>,Stock
가격산정 (pricing),<<KEYWORD>>,Stock
가격신축성  (price flexibility) (price flexibility),<<KEYWORD>>,Stock
가격제한폭(restriction of price range) (restriction of price range ),<<KEYWORD>>,Stock
가격지지  (peg) (peg),<<KEYWORD>>,Stock
가격파급효과분석,<<KEYWORD>>,Stock
가격할증  (markup) (markup),<<KEYWORD>>,Stock
가장매매,<<KEYWORD>>,Stock
가중산술평균,<<KEYWORD>>,Stock
가중주가평균 (weighted stock price average) (weighted stock price average),<<KEYWORD>>,Stock
가중평균 수익률,<<KEYWORD>>,Stock
가중평균금리 (weighted average rate) (weighted average rate),<<KEYWORD>>,Stock
가중평균배당수익률,<<KEYWORD>>,Stock
가중평균상환기간  (weighted average term to maturity) (weighted average term to maturity),<<KEYWORD>>,Stock
가중평균자본비용 (weighted average cost of capital) (weighted average cost of capital),<<KEYWORD>>,Stock
가중평균주가 (weighted stock price average) (weighted stock price average),<<KEYWORD>>,Stock
간사회사(management cooperation) (management cooperation),<<KEYWORD>>,Stock
간접공시,<<KEYWORD>>,Stock
간접금융(indirect financing) (indirect financing),<<KEYWORD>>,Stock
간접모집(indirect offering) (indirect offering),<<KEYWORD>>,Stock
간접발행(indirect issuing) (indirect issuing),<<KEYWORD>>,Stock
간접투자,<<KEYWORD>>,Stock
감리종목,<<KEYWORD>>,Stock
감자  (reduction of capital) (reduction of capital),<<KEYWORD>>,Stock
감자차익,<<KEYWORD>>,Stock
강세스프레드,<<KEYWORD>>,Stock
강형가설(strong form) (strong form),<<KEYWORD>>,Stock
개방형뮤추얼펀드,<<KEYWORD>>,Stock
개별경쟁매매,<<KEYWORD>>,Stock
개시증거금 (Initial Margin) (Initial Margin),<<KEYWORD>>,Stock
갭 (gap) (gap),<<KEYWORD>>,Stock
갱신차금,<<KEYWORD>>,Stock
거래단위,<<KEYWORD>>,Stock
거래량,<<KEYWORD>>,Stock
거래량 이동 평균 (volume moving average) (volume moving average),<<KEYWORD>>,Stock
거래량 회전률(turnover ratio) (turnover ratio),<<KEYWORD>>,Stock
거래량비율(volume ratio) (volume ratio),<<KEYWORD>>,Stock
거래량위험  (volume risk) (volume risk),<<KEYWORD>>,Stock
거래량지표,<<KEYWORD>>,Stock
거래원,<<KEYWORD>>,Stock
거래원 등록제도,<<KEYWORD>>,Stock
거액여신총한도제,<<KEYWORD>>,Stock
건설가계정,<<KEYWORD>>,Stock
게임이론(game theory) (game theory),<<KEYWORD>>,Stock
결산   (closing anaccount) (closing anaccount),<<KEYWORD>>,Stock
결산시세,<<KEYWORD>>,Stock
결손금(deficit) (deficit),<<KEYWORD>>,Stock
결제,<<KEYWORD>>,Stock
결제가격 (clearing price) (clearing price),<<KEYWORD>>,Stock
결제기관 (clearing house) (clearing house),<<KEYWORD>>,Stock
결제수수료  (clearing commission) (clearing commission),<<KEYWORD>>,Stock
결제월간 스프레드거래  (calendar spread trading) (calendar spread trading),<<KEYWORD>>,Stock
결제은행(clearing bank) (clearing bank),<<KEYWORD>>,Stock
결제지수  (settlement index) (settlement index),<<KEYWORD>>,Stock
결제회원  (clearing member) (clearing member),<<KEYWORD>>,Stock
겸업주의(universal banking system) (universal banking system),<<KEYWORD>>,Stock
경기선행지수,<<KEYWORD>>,Stock
경기순환(trade cycle),<<KEYWORD>>,Stock
경기예고지표(WI; business warning indications),<<KEYWORD>>,Stock
경기종합지수(composite index) (composite index),<<KEYWORD>>,Stock
경상거래(current transactions) (current transactions),<<KEYWORD>>,Stock
경상수지 비율,<<KEYWORD>>,Stock
경상이익,<<KEYWORD>>,Stock
경영분석(business analysis) (business analysis),<<KEYWORD>>,Stock
경영위험 (business risk) (business risk),<<KEYWORD>>,Stock
경영지표(management index) (management index),<<KEYWORD>>,Stock
"경쟁매매(competitive bidding, auction) (competitive bidding, auction)",<<KEYWORD>>,Stock
경쟁입찰인수(underwriting by competitive bidding) (underwriting by competitive bidding),<<KEYWORD>>,Stock
경제적 위험(economical risk) (economical risk),<<KEYWORD>>,Stock
계속성의 원칙(principle of consistency) (principle of consistency),<<KEYWORD>>,Stock
계약형 투자신탁,<<KEYWORD>>,Stock
계정결제인 (accountee) (accountee),<<KEYWORD>>,Stock
계좌대체(book-keeping entry) (book-keeping entry),<<KEYWORD>>,Stock
계좌이체(transfer account) (transfer account),<<KEYWORD>>,Stock
계좌통합관리서비스,<<KEYWORD>>,Stock
고객예탁금,<<KEYWORD>>,Stock
고객예탁금 반환준비금,<<KEYWORD>>,Stock
고객예탁금 이용료,<<KEYWORD>>,Stock
고객예탁증권,<<KEYWORD>>,Stock
고금리정책(higher interest policy) (higher interest policy),<<KEYWORD>>,Stock
고용보험제(employment insurance) (employment insurance),<<KEYWORD>>,Stock
고정부채(fixed liability) (fixed liability),<<KEYWORD>>,Stock
고정비(fixed cost) (fixed cost),<<KEYWORD>>,Stock
고정자산 구성비율(fixed asset ratio) (fixed asset ratio),<<KEYWORD>>,Stock
고정주(pegged stock) (pegged stock),<<KEYWORD>>,Stock
고정환율제도(fixed exchange rate system)   (fixed exchange rate system),<<KEYWORD>>,Stock
고지의무(duty of disclosure) (duty of disclosure),<<KEYWORD>>,Stock
공개매입제도,<<KEYWORD>>,Stock
공개시장조작(open market operation) (open market operation),<<KEYWORD>>,Stock
공개주,<<KEYWORD>>,Stock
공개호가,<<KEYWORD>>,Stock
공동결제일거래,<<KEYWORD>>,Stock
공동행위 제한,<<KEYWORD>>,Stock
공매(Margin buying),<<KEYWORD>>,Stock
공매(Short sale) (Short sale),<<KEYWORD>>,Stock
공매비율,<<KEYWORD>>,Stock
공모,<<KEYWORD>>,Stock
"공모주 청약, 배정",<<KEYWORD>>,Stock
공모증자(capital increase by public offering) (capital increase by public offering),<<KEYWORD>>,Stock
공사채,<<KEYWORD>>,Stock
공사채형 투자신탁,<<KEYWORD>>,Stock
공시최고(public summon) (public summon),<<KEYWORD>>,Stock
공적결제수지 (official settlement balance) (official settlement balance),<<KEYWORD>>,Stock
"공정할인율(official discount rate, rediscount rate) (official discount rate, rediscount rate)",<<KEYWORD>>,Stock
공제(fraternal insurance) (fraternal insurance),<<KEYWORD>>,Stock
관리보수(management fee) (management fee),<<KEYWORD>>,Stock
관리종목,<<KEYWORD>>,Stock
관망세(wait-and-see attitude) (wait-and-see attitude),<<KEYWORD>>,Stock
교환사채(exchangeable bond) (exchangeable bond),<<KEYWORD>>,Stock
구매력평가설(theory of purchasing power parity) (theory of purchasing power parity),<<KEYWORD>>,Stock
구상권,<<KEYWORD>>,Stock
구조조정펀드(structural regulation fund) (structural regulation fund ),<<KEYWORD>>,Stock
국가위험(country risk) (country risk),<<KEYWORD>>,Stock
국내신용(domestic credit) (domestic credit),<<KEYWORD>>,Stock
국내총생산,<<KEYWORD>>,Stock
국내총생산증가율,<<KEYWORD>>,Stock
국제 팩토링(International factoring) (International factoring),<<KEYWORD>>,Stock
국제결제은행(BIS) 규제,<<KEYWORD>>,Stock
국제결제은행(BIS) 비율,<<KEYWORD>>,Stock
국제결제은행(BIS; Bank for international Settlements) (BIS; Bank for international Settlements),<<KEYWORD>>,Stock
국제수지(balance of payments) (balance of payments),<<KEYWORD>>,Stock
국제유동성(international liquidity) (international liquidity ),<<KEYWORD>>,Stock
국제투자신탁,<<KEYWORD>>,Stock
국제회계기준(IAS; international accounting standards) (IAS; international accounting standards),<<KEYWORD>>,Stock
권리공탁,<<KEYWORD>>,Stock
권리락,<<KEYWORD>>,Stock
권리부,<<KEYWORD>>,Stock
권리행사가격,<<KEYWORD>>,Stock
권리행사결제가격,<<KEYWORD>>,Stock
권종,<<KEYWORD>>,Stock
그린 메일(green mail) (green mail),<<KEYWORD>>,Stock
근저당(fixed collateral) (fixed collateral),<<KEYWORD>>,Stock
금리스왑(interest term coupon swap) (interest term coupon swap),<<KEYWORD>>,Stock
금리평가설(interest rate parity theory) (interest rate parity theory),<<KEYWORD>>,Stock
금융 하이웨이(financial highway) (financial highway),<<KEYWORD>>,Stock
금융비용부담률,<<KEYWORD>>,Stock
금융선물거래(financial future trading) (financial future trading),<<KEYWORD>>,Stock
금융소득종합과세,<<KEYWORD>>,Stock
금융수지,<<KEYWORD>>,Stock
금융연관비율(financila interrelations ratio) (financila interrelations ratio),<<KEYWORD>>,Stock
금융자산투자(portfolio investment) (portfolio investment ),<<KEYWORD>>,Stock
금융장세,<<KEYWORD>>,Stock
금융전업가,<<KEYWORD>>,Stock
금융중개기관(financial intermediary) (financial intermediary),<<KEYWORD>>,Stock
금융채,<<KEYWORD>>,Stock
금융채권(financial bond) (financial bond),<<KEYWORD>>,Stock
금전신탁,<<KEYWORD>>,Stock
기간산업(key industry) (key industry),<<KEYWORD>>,Stock
기관경고,<<KEYWORD>>,Stock
기금형투자신탁,<<KEYWORD>>,Stock
기명식 장기저리채권,<<KEYWORD>>,Stock
기본적 분석,<<KEYWORD>>,Stock
기술적 분석(technical analysis) (technical analysis),<<KEYWORD>>,Stock
기업결합(business coalition) (business coalition),<<KEYWORD>>,Stock
기업공개(going public) (going public),<<KEYWORD>>,Stock
기업공시(disclousure) (disclousure),<<KEYWORD>>,Stock
기업설명활동(IR) (IR),<<KEYWORD>>,Stock
기업실사지수(BSI; business survey index) (BSI; business survey index),<<KEYWORD>>,Stock
기업어음(CP) (CP),<<KEYWORD>>,Stock
기업연금(corporate pension plan) (corporate pension plan),<<KEYWORD>>,Stock
기업의 총현금흐름 (total cash flow of the firm ),<<KEYWORD>>,Stock
기업회계기준(business accounting standards) (business accounting standards),<<KEYWORD>>,Stock
기준가격,<<KEYWORD>>,Stock
기타 자본거래의 증여의제,<<KEYWORD>>,Stock
기한이익상실,<<KEYWORD>>,Stock
기회비용(opportunity cost) (opportunity cost),<<KEYWORD>>,Stock
깃대형(flag formation) (flag formation),<<KEYWORD>>,Stock
꺾기,<<KEYWORD>>,Stock
나우계정(negotiable order of withdrawal accounts ; Now accounts) (negotiable order of withdrawal accounts ; Now accounts),<<KEYWORD>>,Stock
낙성계약,<<KEYWORD>>,Stock
납세담보,<<KEYWORD>>,Stock
납입기일,<<KEYWORD>>,Stock
납입유예기간,<<KEYWORD>>,Stock
납입자본이익률 (return on paid-in capital) (return on paid-in capital),<<KEYWORD>>,Stock
납회 (the final session of the year) (the final session of the year),<<KEYWORD>>,Stock
내가격,<<KEYWORD>>,Stock
내국민대우 (national treatment) (national treatment),<<KEYWORD>>,Stock
내국신용장 (local L/C)  (local L/C),<<KEYWORD>>,Stock
내국환 (domestic exchange) (domestic exchange),<<KEYWORD>>,Stock
"내로 마켓(narrow market, thin market) (narrow market, thin market)",<<KEYWORD>>,Stock
내부감사 (internal audit)  (internal audit),<<KEYWORD>>,Stock
내부금융 (internal financing)  (internal financing),<<KEYWORD>>,Stock
내부수익률법 (internal rate of return method)  (internal rate of return method),<<KEYWORD>>,Stock
내부요인 (internal factor)  (internal factor),<<KEYWORD>>,Stock
내부유보 (retained earnings)  (retained earnings),<<KEYWORD>>,Stock
내부자 거래,<<KEYWORD>>,Stock
내부자거래제재법 (the Inside Trading Sanctions Act ; ITSA)  (the Inside Trading Sanctions Act ; ITSA),<<KEYWORD>>,Stock
내외금리차,<<KEYWORD>>,Stock
내용년수 (durable years)  (durable years),<<KEYWORD>>,Stock
내재가치 (intrinsic value)  (intrinsic value),<<KEYWORD>>,Stock
내재변동성,<<KEYWORD>>,Stock
네거티브 리스트(negative list)  (negative list),<<KEYWORD>>,Stock
네고(nego;negotiation) (nego;negotiation),<<KEYWORD>>,Stock
네이키드 옵션(naked option)   (naked option),<<KEYWORD>>,Stock
네이키드 포지션(naked position)  (naked position),<<KEYWORD>>,Stock
네팅(netting)  (netting),<<KEYWORD>>,Stock
노 마진(no margin) (no margin),<<KEYWORD>>,Stock
노동 3 법·노동 3 권,<<KEYWORD>>,Stock
노동생산성(labor productivity) (labor productivity),<<KEYWORD>>,Stock
노동생산성지수(labor productivity index)   (labor productivity index),<<KEYWORD>>,Stock
노동소득분배율,<<KEYWORD>>,Stock
노동장비율(laber equipment ratio)   (laber equipment ratio),<<KEYWORD>>,Stock
노동집약도,<<KEYWORD>>,Stock
노령인구지수,<<KEYWORD>>,Stock
노로드 펀드(no-load fund)   (no-load fund),<<KEYWORD>>,Stock
노마진 변동금리채(no margin FRN)   (no margin FRN),<<KEYWORD>>,Stock
논뱅크 딜러(Non Bank Dealer)   (Non Bank Dealer),<<KEYWORD>>,Stock
농산물가격지지제도(farm-price-support system)   (farm-price-support system),<<KEYWORD>>,Stock
농지세,<<KEYWORD>>,Stock
뇌동매매,<<KEYWORD>>,Stock
누적적 우선주(cumulative preferred stock)   (cumulative preferred stock),<<KEYWORD>>,Stock
누적적·참가적 우선주(cumulative participating preferred stock)   (cumulative participating preferred stock),<<KEYWORD>>,Stock
누적채무의주식화(debt-equityswap) 　  (debt-equityswap),<<KEYWORD>>,Stock
누적투자(accumulative investment)   (accumulative investment),<<KEYWORD>>,Stock
누진세(progressive tax)   (progressive tax),<<KEYWORD>>,Stock
뉴메레르(numeraire)   (numeraire),<<KEYWORD>>,Stock
뉴욕금융시장,<<KEYWORD>>,Stock
뉴욕선물거래소(New York Futures Exchange)   (New York Futures Exchange),<<KEYWORD>>,Stock
뉴욕연방자금시장(federal fund market)   (federal fund market),<<KEYWORD>>,Stock
뉴욕증권거래소(NewYork Stock Exchange ; NYSE)   (NewYork Stock Exchange ; NYSE),<<KEYWORD>>,Stock
니치 마케팅(niche marketing) (niche marketing),<<KEYWORD>>,Stock
니치 시장전략(niche market strategy) (niche market strategy),<<KEYWORD>>,Stock
니케이 평균주가지수(Nikkei Stock Average Index)   (Nikkei Stock Average Index),<<KEYWORD>>,Stock
다국적기업(multinational firm)   (multinational firm),<<KEYWORD>>,Stock
다국적은행(multinational bank)   (multinational bank),<<KEYWORD>>,Stock
다우 공업주 30 종 평균(Dow Jones Industrial Average ;  DJIA)   (Dow Jones Industrial Average ;  DJIA),<<KEYWORD>>,Stock
다우 이론,<<KEYWORD>>,Stock
다우 존스 주가평균(The Dow Jones Average) 　  (The Dow Jones Average),<<KEYWORD>>,Stock
다우이론(Dow theory)   (Dow theory),<<KEYWORD>>,Stock
다이렉트 어음(direct paper)   (direct paper),<<KEYWORD>>,Stock
다중머리어깨모형(multipleheadand shoulder patterns)   (multipleheadand shoulder patterns),<<KEYWORD>>,Stock
다지수모형(multi-index model)   (multipleheadand shoulder patterns),<<KEYWORD>>,Stock
단기 예측,<<KEYWORD>>,Stock
단기금융시장 헤지(money market hedge),<<KEYWORD>>,Stock
단기금융시장(money market) (money market),<<KEYWORD>>,Stock
단기매매전략,<<KEYWORD>>,Stock
단기면세기금(short-term tax-exempt funds ; STEF)   (short-term tax-exempt funds ; STEF),<<KEYWORD>>,Stock
단기무역신용,<<KEYWORD>>,Stock
단기채(short-term bond)   (short-term bond),<<KEYWORD>>,Stock
단기투자자(day-to-day trader)   (day-to-day trader),<<KEYWORD>>,Stock
단리법(simple interest method) 　  (simple interest method),<<KEYWORD>>,Stock
단명어음(single name paper)   (single name paper),<<KEYWORD>>,Stock
단순 주가평균,<<KEYWORD>>,Stock
단순송금방식수출,<<KEYWORD>>,Stock
단순주가지수(simple price index)   (simple price index),<<KEYWORD>>,Stock
단순주가평균(simple arithmetical stock price average) 　  (simple arithmetical stock price average),<<KEYWORD>>,Stock
단순통화스왑(straight currency swap)   (straight currency swap),<<KEYWORD>>,Stock
단순평균배당수익률,<<KEYWORD>>,Stock
단순헤지(naive hedge)   (naive hedge),<<KEYWORD>>,Stock
단위형 투자신탁,<<KEYWORD>>,Stock
단위형 투자신탁(unit type investment trust)   (unit type investment trust),<<KEYWORD>>,Stock
단일은행제도(unit banking system) (unit banking system),<<KEYWORD>>,Stock
단일지수모형(single index model)   (single index model),<<KEYWORD>>,Stock
단자회사(short-term investment finance company)   (short-term investment finance company),<<KEYWORD>>,Stock
단주(odd lot)   (odd lot),<<KEYWORD>>,Stock
단축가능채권(retractable bond)   (retractable bond),<<KEYWORD>>,Stock
달러위기(dollar crisis)   (dollar crisis),<<KEYWORD>>,Stock
달러평균법(dollar cost averaging)   (dollar cost averaging),<<KEYWORD>>,Stock
담보 콜제도,<<KEYWORD>>,Stock
담보권설정(real rights granted by way of security) (real rights granted by way of security),<<KEYWORD>>,Stock
담보보증의무 면제특약,<<KEYWORD>>,Stock
담보부사채(mortgage bond)   (mortgage bond),<<KEYWORD>>,Stock
담보부사채신탁(mortgage bond trust)   (mortgage bond trust),<<KEYWORD>>,Stock
담보유가증권(collateral securities)  (collateral securities),<<KEYWORD>>,Stock
담보유가증권(collateral securities)  (collateral securities),<<KEYWORD>>,Stock
담보유지비율(maintenance requirement rate of collateral)   (maintenance requirement rate of collateral),<<KEYWORD>>,Stock
담보저당채권(mortgage-backed bond)   (mortgage-backed bond),<<KEYWORD>>,Stock
담보화 부정조항(negative pledge clause)   (negative pledge clause),<<KEYWORD>>,Stock
당기순손익(net income and loss for the year) 　  (net income and loss for the year),<<KEYWORD>>,Stock
당기실적주의,<<KEYWORD>>,Stock
당일결제거래(cash delivery)   (cash delivery),<<KEYWORD>>,Stock
당좌대월(overdrafts)   (overdrafts),<<KEYWORD>>,Stock
당좌대출,<<KEYWORD>>,Stock
당좌비율(quick ratio)   (quick ratio),<<KEYWORD>>,Stock
당좌예금(checking accounts)   (checking accounts),<<KEYWORD>>,Stock
당좌자산(quick assets)  (quick assets),<<KEYWORD>>,Stock
당좌차월(bank overdraft)   (bank overdraft),<<KEYWORD>>,Stock
대각 스프레드(diagonal spread)   (diagonal spread),<<KEYWORD>>,Stock
대고객환율(exchange quotation)   (exchange quotation),<<KEYWORD>>,Stock
대규모기업집단,<<KEYWORD>>,Stock
대량매매(block trading)   (block trading),<<KEYWORD>>,Stock
대량주식보유의보고(filingofchanges in ownership of block shares)   (filingofchanges in ownership of block shares),<<KEYWORD>>,Stock
대리수령,<<KEYWORD>>,Stock
대리인이론(agency theory)   (agency theory),<<KEYWORD>>,Stock
대부신탁,<<KEYWORD>>,Stock
대세(general trend)   (general trend),<<KEYWORD>>,Stock
대손상각(bad debts expense)   (bad debts expense),<<KEYWORD>>,Stock
대손충당금(allowance for bad debts)   (allowance for bad debts),<<KEYWORD>>,Stock
대여금고,<<KEYWORD>>,Stock
대외균형(external equilibrium)   (external equilibrium),<<KEYWORD>>,Stock
대외준비자산(external reserves)   (external reserves),<<KEYWORD>>,Stock
대외증권투자(investment to foreign securities)  (investment to foreign securities),<<KEYWORD>>,Stock
대용 가격,<<KEYWORD>>,Stock
대용 증권,<<KEYWORD>>,Stock
대용가,<<KEYWORD>>,Stock
대용가격(substitute price of securities)   (substitute price of securities),<<KEYWORD>>,Stock
대용베타(proxy beta)   (proxy beta),<<KEYWORD>>,Stock
대용증권(substitute securities)   (substitute securities),<<KEYWORD>>,Stock
대위증권(securities in subrogation)   (securities in subrogation),<<KEYWORD>>,Stock
"대주(stock loan, lending stock)   (stock loan, lending stock)",<<KEYWORD>>,Stock
대주매각대금(amount of short selling)   (amount of short selling),<<KEYWORD>>,Stock
대주시장(stock loan market)   (stock loan market),<<KEYWORD>>,Stock
"대주잔고(debt balance, outstanding loan)   (debt balance, outstanding loan)",<<KEYWORD>>,Stock
대주주(controlling shareholders)   (controlling shareholders),<<KEYWORD>>,Stock
대차 비율,<<KEYWORD>>,Stock
대차거래(loan transaction)   (loan transaction),<<KEYWORD>>,Stock
대차대조표(balance sheet;B/S)   (balance sheet;B/S),<<KEYWORD>>,Stock
대체결제제도,<<KEYWORD>>,Stock
대체결제제도(book entry clearing)   (book entry clearing),<<KEYWORD>>,Stock
대출채권담보부증권 (CLO ),<<KEYWORD>>,Stock
대출포트폴리오(lending portfolio) (lending portfolio),<<KEYWORD>>,Stock
대출한도제(loan ceiling system) (loan ceiling system),<<KEYWORD>>,Stock
대형주,<<KEYWORD>>,Stock
델타,<<KEYWORD>>,Stock
도덕적 위험(moral hazard) (moral hazard),<<KEYWORD>>,Stock
도매금융(wholesale banking) (wholesale banking),<<KEYWORD>>,Stock
동시 호가,<<KEYWORD>>,Stock
동시호가(simultaneous bids and offers) (simultaneous bids and offers),<<KEYWORD>>,Stock
동증주가지수(TOPIX; Tokyo stock index exchange price index) (TOPIX; Tokyo stock index exchange price index),<<KEYWORD>>,Stock
동태비율(dynamic financial ratio) (dynamic financial ratio),<<KEYWORD>>,Stock
듀얼펀드,<<KEYWORD>>,Stock
등가격,<<KEYWORD>>,Stock
등록법인(registered corporation) (registered corporation),<<KEYWORD>>,Stock
디노미네이션(denomination) (denomination),<<KEYWORD>>,Stock
디프 디스카운트채(deep discount bond) (deep discount bond),<<KEYWORD>>,Stock
디플레이션(deflation) (deflation),<<KEYWORD>>,Stock
딜러 론(dealer loan) (dealer loan),<<KEYWORD>>,Stock
딜러 시장(dealer markets) (dealer markets),<<KEYWORD>>,Stock
라스파이레스식(Laspeyres formula)   (Laspeyres formula),<<KEYWORD>>,Stock
라이어빌리티 스왑(liability swap)  (liability swap),<<KEYWORD>>,Stock
람다,<<KEYWORD>>,Stock
래퍼곡선(Laffer curve) (Laffer curve),<<KEYWORD>>,Stock
랜덤 워크 이론,<<KEYWORD>>,Stock
랩 어카운트 (Wrap Account) (Wrap Account),<<KEYWORD>>,Stock
러셀 2000지수,<<KEYWORD>>,Stock
런던국제금융선물거래소(LIFFE : London International Financial Futures Exchange) (LIFFE : London International Financial Futures Exchange),<<KEYWORD>>,Stock
런던증권거래소(London Stock Exchange) (London Stock Exchange),<<KEYWORD>>,Stock
런던클럽,<<KEYWORD>>,Stock
레귤러 웨이(regular way) (regular way),<<KEYWORD>>,Stock
레귤레이션,<<KEYWORD>>,Stock
레드칩,<<KEYWORD>>,Stock
레버리지,<<KEYWORD>>,Stock
레버리지 효과(leverage effect) (leverage effect),<<KEYWORD>>,Stock
레이팅,<<KEYWORD>>,Stock
롤링효과(rolling effect) (rolling effect),<<KEYWORD>>,Stock
롤오버(Roll Over) ((Roll Over)),<<KEYWORD>>,Stock
롱 포지션(long position) (long position),<<KEYWORD>>,Stock
리드 앤 랙(leads and lags) (leads and lags),<<KEYWORD>>,Stock
리딩 뱅크(leading bank) (leading bank),<<KEYWORD>>,Stock
리보 금리  (LIBOR rate; London inter-bank offered rate) (LIBOR rate; London inter-bank offered rate),<<KEYWORD>>,Stock
리스 산업(lease industry) (lease industry),<<KEYWORD>>,Stock
리스케쥴링(rescheduling) (rescheduling),<<KEYWORD>>,Stock
리츠(Reits-Real Estate Investment Trust) (Reits-Real Estate Investment Trust),<<KEYWORD>>,Stock
리파이낸스(refinance) (refinance),<<KEYWORD>>,Stock
리플레이션(reflation) (reflation),<<KEYWORD>>,Stock
마이그레이션 (migra-tion),<<KEYWORD>>,Stock
마진 머니(margin money) (margin money),<<KEYWORD>>,Stock
마진 콜(margin call) (margin cal),<<KEYWORD>>,Stock
마진거래(margin transaction) (margin transaction),<<KEYWORD>>,Stock
만기보유전략(buy and hold strategy) (buy and hold strategy),<<KEYWORD>>,Stock
만기수익률(yield to maturity) (yield to maturity),<<KEYWORD>>,Stock
만기전 소구,<<KEYWORD>>,Stock
매도 초과 포지션(oversold position) (oversold position),<<KEYWORD>>,Stock
"매도 헤징(selling hedging, short selling) (selling hedging, short selling)",<<KEYWORD>>,Stock
매매거래 중단,<<KEYWORD>>,Stock
매매손실 준비금,<<KEYWORD>>,Stock
매매심리(surveillance on the market) (surveillance on the market),<<KEYWORD>>,Stock
매입 초과 포지션(overbought position) (overbought position),<<KEYWORD>>,Stock
매입 헤징(long hedging) (long hedging),<<KEYWORD>>,Stock
매입보유전략(buy and hold strategy) (buy and hold strategy),<<KEYWORD>>,Stock
매출채권 담보대출(account receivable loan) (account receivable loan),<<KEYWORD>>,Stock
매칭(matching) (matching),<<KEYWORD>>,Stock
매크로펀드(macro fund) (macro fund),<<KEYWORD>>,Stock
맨데이트 레터(mandate letter) (mandate letter),<<KEYWORD>>,Stock
머천트 뱅크(merchant bank) (merchant bank),<<KEYWORD>>,Stock
메릴린치,<<KEYWORD>>,Stock
메이저(major) (major),<<KEYWORD>>,Stock
면세형 투자신탁,<<KEYWORD>>,Stock
명령상장(listing by order) (listing by order),<<KEYWORD>>,Stock
명목수익률(nominal return) (nominal return ),<<KEYWORD>>,Stock
명의개서 대행업무(transfer agence service) (transfer agence service),<<KEYWORD>>,Stock
명의개서(transfer of stocks) (transfer of stocks),<<KEYWORD>>,Stock
명의개서정지(closing of the register of shareholder) (closing of the register of shareholder),<<KEYWORD>>,Stock
명의신탁,<<KEYWORD>>,Stock
모기지 증권(mortgage) (mortgage),<<KEYWORD>>,Stock
모라토리엄(moratorium) (moratorium),<<KEYWORD>>,Stock
모자형 투자신탁(family fund) (family fund),<<KEYWORD>>,Stock
모집설립,<<KEYWORD>>,Stock
모험기업(ventures) (ventures),<<KEYWORD>>,Stock
무기명 사채,<<KEYWORD>>,Stock
무기명주식(bearer stock) (bearer stock),<<KEYWORD>>,Stock
무담보 사채,<<KEYWORD>>,Stock
무보증사채(non-granted bond) (non-granted bond),<<KEYWORD>>,Stock
무상주의 교부,<<KEYWORD>>,Stock
무상증자,<<KEYWORD>>,Stock
무액면주,<<KEYWORD>>,Stock
무역수지(balance of trade) (balance of trade),<<KEYWORD>>,Stock
무역어음(trade bill) (trade bill),<<KEYWORD>>,Stock
무역외수지,<<KEYWORD>>,Stock
무역지수,<<KEYWORD>>,Stock
무위험수익률,<<KEYWORD>>,Stock
무위험이자율(risk free rate) (risk free rate),<<KEYWORD>>,Stock
무의결결권주,<<KEYWORD>>,Stock
무이표사채(zero-coupon bond) (zero-coupon bond),<<KEYWORD>>,Stock
물타기(scale trading) (scale trading),<<KEYWORD>>,Stock
뮤추얼 펀드,<<KEYWORD>>,Stock
미결제약정,<<KEYWORD>>,Stock
미상환 융자금,<<KEYWORD>>,Stock
미수금,<<KEYWORD>>,Stock
미스매치(mismatch) (mismatch),<<KEYWORD>>,Stock
미실현이익(unrealized profit) (unrealized profit),<<KEYWORD>>,Stock
미지급 배당금(unpaid dividend) (unpaid dividend),<<KEYWORD>>,Stock
미청산 계약,<<KEYWORD>>,Stock
민간수출금융공사(Private Export　Funding Corporation) (Private Export　Funding Corporation),<<KEYWORD>>,Stock
바벨형 만기전략(barbell maturity) (barbell maturity),<<KEYWORD>>,Stock
바스켓거래,<<KEYWORD>>,Stock
박스 이론(box theory) (box theory),<<KEYWORD>>,Stock
반기 보고서,<<KEYWORD>>,Stock
반대매매(covering) (covering),<<KEYWORD>>,Stock
반등,<<KEYWORD>>,Stock
반락(set back) (set back),<<KEYWORD>>,Stock
발기설립(incorporation by promoting) (incorporation by promoting),<<KEYWORD>>,Stock
발행 조건,<<KEYWORD>>,Stock
발행시장,<<KEYWORD>>,Stock
발행일결제거래(when-issued transaction) (when-issued transaction),<<KEYWORD>>,Stock
배당,<<KEYWORD>>,Stock
배당 수익률,<<KEYWORD>>,Stock
배당가능이익(profit available for dividend) (profit available for dividend),<<KEYWORD>>,Stock
배당금 보상률(dividend coverage) (dividend coverage),<<KEYWORD>>,Stock
배당락,<<KEYWORD>>,Stock
배당률,<<KEYWORD>>,Stock
배당성향,<<KEYWORD>>,Stock
배당소득세(dividend income tax)  (dividend income tax),<<KEYWORD>>,Stock
배서금지배서,<<KEYWORD>>,Stock
백기사(white knight) (white knight),<<KEYWORD>>,Stock
백업 퍼실리티(back-up facility) (back-up facility),<<KEYWORD>>,Stock
백워데이션(backwardation) (backwardation),<<KEYWORD>>,Stock
백지어음,<<KEYWORD>>,Stock
밸런스 펀드(balance fund) (balance fund),<<KEYWORD>>,Stock
번한지표,<<KEYWORD>>,Stock
벌처펀드,<<KEYWORD>>,Stock
법인세,<<KEYWORD>>,Stock
법인세 서면분석,<<KEYWORD>>,Stock
법정관리,<<KEYWORD>>,Stock
법정지불준비제도,<<KEYWORD>>,Stock
법정지상권,<<KEYWORD>>,Stock
베어 마켓(bear market) (bear market),<<KEYWORD>>,Stock
베이시스,<<KEYWORD>>,Stock
베이시스 스왑(basis swap) (basis swap),<<KEYWORD>>,Stock
베타 계수(beta coefficient) (beta coefficient),<<KEYWORD>>,Stock
벤처펀드,<<KEYWORD>>,Stock
벤쳐 캐피털(venture capital) (venture capital),<<KEYWORD>>,Stock
벤치 마킹(bench marking) (bench marking),<<KEYWORD>>,Stock
변동금리부 채권(FRN; floating rate note) (FRN; floating rate note),<<KEYWORD>>,Stock
변동증거금(variation margin) (variation margin),<<KEYWORD>>,Stock
변동환율제도(floating exchange rate system) (floating exchange rate system),<<KEYWORD>>,Stock
별단예금(special deposit) (special deposit),<<KEYWORD>>,Stock
병합상장(consolidated listing) (consolidated listing),<<KEYWORD>>,Stock
보상예금(compensating balance) (compensating balance),<<KEYWORD>>,Stock
보유비용,<<KEYWORD>>,Stock
보장 수익률,<<KEYWORD>>,Stock
보증 사채,<<KEYWORD>>,Stock
보통 거래,<<KEYWORD>>,Stock
보통사채(straight bond)  (straight bond),<<KEYWORD>>,Stock
보통주,<<KEYWORD>>,Stock
보통채(straight bond) (straight bond ),<<KEYWORD>>,Stock
보합(maintenance) (maintenance),<<KEYWORD>>,Stock
보호예수,<<KEYWORD>>,Stock
복리(compounding) (compounding),<<KEYWORD>>,Stock
복리계수(compound interest factor) (compound interest factor),<<KEYWORD>>,Stock
복리이자 산정기간(compounding period) (compounding period),<<KEYWORD>>,Stock
복리후생비,<<KEYWORD>>,Stock
복수통화 바스켓(multicurrency basket system) (multicurrency basket system),<<KEYWORD>>,Stock
본원통화(reserve money) (reserve money),<<KEYWORD>>,Stock
본위화폐(standard money) (standard money),<<KEYWORD>>,Stock
본지점회계(account for branch operations) (account for branch operations),<<KEYWORD>>,Stock
볼공정거래(unfair transaction) (unfair transaction),<<KEYWORD>>,Stock
봉 차트 분석(bar chart analysis) (bar chart analysis),<<KEYWORD>>,Stock
부당권유행위금지,<<KEYWORD>>,Stock
부당행위금지,<<KEYWORD>>,Stock
부동산개발신탁,<<KEYWORD>>,Stock
부동산담보신탁,<<KEYWORD>>,Stock
부동산신탁,<<KEYWORD>>,Stock
부동산투자전문회사,<<KEYWORD>>,Stock
부동주,<<KEYWORD>>,Stock
부외거래(off-balance transaction) (off-balance transaction),<<KEYWORD>>,Stock
부적정의견(adverse opinion) (adverse opinion),<<KEYWORD>>,Stock
부채(debt) (debt),<<KEYWORD>>,Stock
부채비율,<<KEYWORD>>,Stock
분산투자(diversified investment) (diversified investment),<<KEYWORD>>,Stock
분식결산(window-dressing settlement) (window-dressing settlement),<<KEYWORD>>,Stock
분할증권(stripped securities) (stripped securities),<<KEYWORD>>,Stock
"불 마켓(bull market, bullish market) (bull market, bullish market)",<<KEYWORD>>,Stock
불균형성장론,<<KEYWORD>>,Stock
브로드 마켓(broad market) (broad market),<<KEYWORD>>,Stock
브로커,<<KEYWORD>>,Stock
브로커스 론(brokers loan) (brokers loan),<<KEYWORD>>,Stock
브리지 론(bridge loan) (bridge loan),<<KEYWORD>>,Stock
브리지 채권교체(bridge bond swap) (bridge bond swap),<<KEYWORD>>,Stock
브리지 파이낸싱(bridge financing) (bridge financing),<<KEYWORD>>,Stock
브리지론(bridge loan)  (bridge loan ),<<KEYWORD>>,Stock
블독 본드(bulldog bond) (bulldog bond),<<KEYWORD>>,Stock
블럭오버,<<KEYWORD>>,Stock
블루칩(blue chip) (blue chip),<<KEYWORD>>,Stock
비공모주식,<<KEYWORD>>,Stock
비교대차대조표(comparative balance sheet) (comparative balance sheet),<<KEYWORD>>,Stock
비교손익계산서(comparative profit and loss statement) (comparative profit and loss statement),<<KEYWORD>>,Stock
비드 레이트(bid rate) (bid rate),<<KEYWORD>>,Stock
비상장대법인,<<KEYWORD>>,Stock
비용(expenses) (expenses),<<KEYWORD>>,Stock
비체계적 위험(unsystematic or residal risk) (unsystematic or residal risk),<<KEYWORD>>,Stock
비트 더 마켓(beat the market) (beat the market),<<KEYWORD>>,Stock
사고 증권(irregular securities) (irregular securities),<<KEYWORD>>,Stock
사모사채(private placement bond) (private placement bond),<<KEYWORD>>,Stock
사업 보고서,<<KEYWORD>>,Stock
사외이사제,<<KEYWORD>>,Stock
사이드카 (side car) (side car),<<KEYWORD>>,Stock
사채,<<KEYWORD>>,Stock
사채발행(bond issue),<<KEYWORD>>,Stock
사케다 전술,<<KEYWORD>>,Stock
삼봉형(head and shoulder model) (head and shoulder model),<<KEYWORD>>,Stock
삼선 전환법,<<KEYWORD>>,Stock
상대 매매,<<KEYWORD>>,Stock
상업어음 할인,<<KEYWORD>>,Stock
상업차관(commercial loan) (commercial loan),<<KEYWORD>>,Stock
상임대리인 업무,<<KEYWORD>>,Stock
상장,<<KEYWORD>>,Stock
상장 폐지,<<KEYWORD>>,Stock
상장 회사,<<KEYWORD>>,Stock
상장부(stock list) (stock list),<<KEYWORD>>,Stock
상장옵션(listed option) (listed option),<<KEYWORD>>,Stock
상장요건(listing requirement) (listing requirement),<<KEYWORD>>,Stock
상장주,<<KEYWORD>>,Stock
상장형 투자신탁,<<KEYWORD>>,Stock
상품 선물거래(commodity future trading) (commodity future trading),<<KEYWORD>>,Stock
상호지급보증,<<KEYWORD>>,Stock
상환,<<KEYWORD>>,Stock
상환 주식,<<KEYWORD>>,Stock
생명보험회사(life insurance company) (life insurance company),<<KEYWORD>>,Stock
생보 모집인,<<KEYWORD>>,Stock
서머 랠리(summer rally) (summer rally),<<KEYWORD>>,Stock
서브파트 거래(sub part transaction) (sub part transaction),<<KEYWORD>>,Stock
선관주의임무,<<KEYWORD>>,Stock
선도거래(forward transaction) (forward transaction),<<KEYWORD>>,Stock
선도주,<<KEYWORD>>,Stock
선물 거래소,<<KEYWORD>>,Stock
선물/옵션 기본예탁금,<<KEYWORD>>,Stock
선물거래,<<KEYWORD>>,Stock
선물금리계약(FRA; forward rate agreement) (FRA; forward rate agreement),<<KEYWORD>>,Stock
"선물환 매입, 매도 스왑",<<KEYWORD>>,Stock
선물환 스왑거래(forward swap transaction) (forward swap transaction),<<KEYWORD>>,Stock
선하증권(B/L; bill of landing) (B/L; bill of landing),<<KEYWORD>>,Stock
설립등기(establishment foundation) (establishment foundation),<<KEYWORD>>,Stock
성장성 분석(trend analysis) (trend analysis),<<KEYWORD>>,Stock
성장주,<<KEYWORD>>,Stock
세무조정,<<KEYWORD>>,Stock
세무회계(tax accounting) (tax accounting),<<KEYWORD>>,Stock
소급과세금지원칙,<<KEYWORD>>,Stock
소나차트(sonar chart) (sonar chart),<<KEYWORD>>,Stock
소득공제,<<KEYWORD>>,Stock
소비자신용분석,<<KEYWORD>>,Stock
소수주주권(minority shareholder right) (minority shareholder right),<<KEYWORD>>,Stock
소액 주주,<<KEYWORD>>,Stock
소액채권 저축,<<KEYWORD>>,Stock
손비(expense) (expense),<<KEYWORD>>,Stock
손익계산서,<<KEYWORD>>,Stock
손익계산서 추정,<<KEYWORD>>,Stock
"손절매(loss cut, stop loss) (loss cut, stop loss)",<<KEYWORD>>,Stock
손해배상대위,<<KEYWORD>>,Stock
손해보험회사(property and casualty insurance company) (property and casualty insurance company),<<KEYWORD>>,Stock
쇼트 포지션(short position) (short position),<<KEYWORD>>,Stock
수권 자본제도,<<KEYWORD>>,Stock
수권자본금(authorized capital) (authorized capital),<<KEYWORD>>,Stock
수급분석(supply-demand analysis) (supply-demand analysis),<<KEYWORD>>,Stock
수도,<<KEYWORD>>,Stock
수량 우선의 법칙,<<KEYWORD>>,Stock
수시공시,<<KEYWORD>>,Stock
수익 증권,<<KEYWORD>>,Stock
수익 증권 저축제도,<<KEYWORD>>,Stock
수익률,<<KEYWORD>>,Stock
수익률 주(yield stock) (yield stock),<<KEYWORD>>,Stock
수익률곡선(yield curve) (yield curve),<<KEYWORD>>,Stock
수익률스프레드(yield spread) (yield spread),<<KEYWORD>>,Stock
수익률지수(yield index) (yield index),<<KEYWORD>>,Stock
수익채권(revenue bond) (revenue bond),<<KEYWORD>>,Stock
수익환원법 (yield capitalization method) (yield capitalization method),<<KEYWORD>>,Stock
수입배당금,<<KEYWORD>>,Stock
수정주가평균(adjusted stock price average) (adjusted stock price average),<<KEYWORD>>,Stock
수직강세스프레드  (bullish vertical spread) (bullish vertical spread),<<KEYWORD>>,Stock
수출입 물가지수(export and import price index) (export and import price index),<<KEYWORD>>,Stock
수탁 회사,<<KEYWORD>>,Stock
수탁자,<<KEYWORD>>,Stock
순수이자율,<<KEYWORD>>,Stock
순수익률 취득교체(pure yield pick-up swap) (pure yield pick-up swap),<<KEYWORD>>,Stock
순환 매수,<<KEYWORD>>,Stock
스왑 거래(swap transaction) (swap transaction),<<KEYWORD>>,Stock
스왑 마진(swap margin) (swap margin),<<KEYWORD>>,Stock
스왑 조작 거래,<<KEYWORD>>,Stock
스왑 코스트(swap cost) (swap cost),<<KEYWORD>>,Stock
스왑션(swaption) (swaption),<<KEYWORD>>,Stock
스왑하우스(swap house) (swap house),<<KEYWORD>>,Stock
스캘퍼(scalper) (scalper),<<KEYWORD>>,Stock
스켈퍼,<<KEYWORD>>,Stock
스톡옵션,<<KEYWORD>>,Stock
스트립 금융(strip financing) (strip financing),<<KEYWORD>>,Stock
스트립 발행(strip issue) (strip issue),<<KEYWORD>>,Stock
스트립(strip) (strip),<<KEYWORD>>,Stock
스파트 펀드,<<KEYWORD>>,Stock
스프레드 거래(spread trading) (spread trading),<<KEYWORD>>,Stock
시가 발행,<<KEYWORD>>,Stock
시가 총액,<<KEYWORD>>,Stock
시간 우선의 원칙,<<KEYWORD>>,Stock
시계열 변동분석(time series analysis) (time series analysis),<<KEYWORD>>,Stock
시세조종행위(manipulation) (manipulation),<<KEYWORD>>,Stock
시장 리스크(market risk) (market risk),<<KEYWORD>>,Stock
시장 분석(market analysis) (market analysis),<<KEYWORD>>,Stock
시장가 주문 (Market Order) (Market Order),<<KEYWORD>>,Stock
시장규제,<<KEYWORD>>,Stock
시장조성,<<KEYWORD>>,Stock
시장조치,<<KEYWORD>>,Stock
시장평균환율제,<<KEYWORD>>,Stock
신구주 합병,<<KEYWORD>>,Stock
신규위탁증거금,<<KEYWORD>>,Stock
신디케이트 스왑(syndicated swap) (syndicated swap),<<KEYWORD>>,Stock
신용 거래,<<KEYWORD>>,Stock
신용 리스크,<<KEYWORD>>,Stock
신용공여업무,<<KEYWORD>>,Stock
신용증권(credit instrument) (credit instrument),<<KEYWORD>>,Stock
신용창조(creation of bank deposit) (creation of bank deposit),<<KEYWORD>>,Stock
신용창출(credit creation) (credit creation),<<KEYWORD>>,Stock
신용할당(credit rationing) (credit rationing),<<KEYWORD>>,Stock
신주 인수권,<<KEYWORD>>,Stock
신주인수권부사채,<<KEYWORD>>,Stock
신클라이언트 (Thin Client ),<<KEYWORD>>,Stock
신탁계약,<<KEYWORD>>,Stock
신탁계약의 해지,<<KEYWORD>>,Stock
신탁계정,<<KEYWORD>>,Stock
신탁대금대출,<<KEYWORD>>,Stock
신탁약관,<<KEYWORD>>,Stock
신탁재산,<<KEYWORD>>,Stock
실권주,<<KEYWORD>>,Stock
실물 거래,<<KEYWORD>>,Stock
실질주주,<<KEYWORD>>,Stock
실효금리,<<KEYWORD>>,Stock
아메리칸 증권거래소(AMEX; American stock exchange) (AMEX; American stock exchange),<<KEYWORD>>,Stock
악재(unfavorable factor) (unfavorable factor),<<KEYWORD>>,Stock
안전자산(riskless asset) (riskless asset),<<KEYWORD>>,Stock
안전채권,<<KEYWORD>>,Stock
액면,<<KEYWORD>>,Stock
액면 발행,<<KEYWORD>>,Stock
액면 변경,<<KEYWORD>>,Stock
액면 전환,<<KEYWORD>>,Stock
액면분할,<<KEYWORD>>,Stock
액면주,<<KEYWORD>>,Stock
약세 시장,<<KEYWORD>>,Stock
약정,<<KEYWORD>>,Stock
양건예금,<<KEYWORD>>,Stock
양도성예금증서(CD; negotiable certificate of deposit) (CD; negotiable certificate of deposit),<<KEYWORD>>,Stock
양도소득세,<<KEYWORD>>,Stock
어음담보대출,<<KEYWORD>>,Stock
어음부도율,<<KEYWORD>>,Stock
어음할인(discount) (discount),<<KEYWORD>>,Stock
업적시세,<<KEYWORD>>,Stock
엔젤투자,<<KEYWORD>>,Stock
엔화표시외채 (yen-denominated foreign bond) (yen-denominated foreign bond),<<KEYWORD>>,Stock
엘리어트 파동 이론,<<KEYWORD>>,Stock
여신관리제도,<<KEYWORD>>,Stock
역금융장세,<<KEYWORD>>,Stock
역분식결산,<<KEYWORD>>,Stock
역시계곡선,<<KEYWORD>>,Stock
역실적장세,<<KEYWORD>>,Stock
역외금융(off-shore financing) (off-shore financing),<<KEYWORD>>,Stock
역외시장(off-shore market) (off-shore market),<<KEYWORD>>,Stock
역외예금(off-shore deposit) (off-shore deposit ),<<KEYWORD>>,Stock
역외펀드(off-shore fund) (off-shore fund),<<KEYWORD>>,Stock
역조시장,<<KEYWORD>>,Stock
역환(adverse exchange) (adverse exchange),<<KEYWORD>>,Stock
연개 매매,<<KEYWORD>>,Stock
연결재무제표(consolidated financial sheets) (consolidated financial sheets),<<KEYWORD>>,Stock
연계보증,<<KEYWORD>>,Stock
연금기금(pension fund) (pension fund),<<KEYWORD>>,Stock
연대채무,<<KEYWORD>>,Stock
연말장세,<<KEYWORD>>,Stock
연방예금보험공사(FDIC; federal deposit insurance corporation) (FDIC; federal deposit insurance corporation),<<KEYWORD>>,Stock
연방준비제도(federal reserve system) (federal reserve system),<<KEYWORD>>,Stock
연속복리(continuous compounding) (continuous compounding),<<KEYWORD>>,Stock
연체대출,<<KEYWORD>>,Stock
영국 FT-SE 100주가지수(FT-SE 100 stock price index)    (FT-SE 100 stock price index),<<KEYWORD>>,Stock
영업 레버리지(operating leverage) (operating leverage),<<KEYWORD>>,Stock
영업 보고서,<<KEYWORD>>,Stock
영업권,<<KEYWORD>>,Stock
영업이익률,<<KEYWORD>>,Stock
예금보험제도(deposit insurance) (deposit insurance),<<KEYWORD>>,Stock
예납조치(deposit in advance) (deposit in advance),<<KEYWORD>>,Stock
예대금리차(interest margin) (interest margin),<<KEYWORD>>,Stock
예대마진,<<KEYWORD>>,Stock
예대상계,<<KEYWORD>>,Stock
예대율(loans-to-deposit) (loans-to-deposit),<<KEYWORD>>,Stock
예상 배당 수익률,<<KEYWORD>>,Stock
옐로칩 (Yellow chip) (Yellow chip),<<KEYWORD>>,Stock
오버나이트 론(overnight loan) (overnight loan),<<KEYWORD>>,Stock
오퍼 레이트(offer rate) (offer rate),<<KEYWORD>>,Stock
오픈 포지션(open position) (open position),<<KEYWORD>>,Stock
옵션 거래,<<KEYWORD>>,Stock
옵션 프리미엄(option premium) (option premium),<<KEYWORD>>,Stock
옵션가격,<<KEYWORD>>,Stock
옵션부 사채,<<KEYWORD>>,Stock
옵션패러티,<<KEYWORD>>,Stock
외가격,<<KEYWORD>>,Stock
외국인 전용 수익증권,<<KEYWORD>>,Stock
외국환 평형기금(exchange equalization fund) (exchange equalization fund),<<KEYWORD>>,Stock
외국환평형기금채,<<KEYWORD>>,Stock
외부금융(external finance) (external finance),<<KEYWORD>>,Stock
외수펀드,<<KEYWORD>>,Stock
외재가치,<<KEYWORD>>,Stock
외화가득률(rate of foreign exchange earning) (rate of foreign exchange earning),<<KEYWORD>>,Stock
외화대출,<<KEYWORD>>,Stock
외화보유액(foreign exchange holding) (foreign exchange holding),<<KEYWORD>>,Stock
외화예금,<<KEYWORD>>,Stock
외환관리(foreign exchange control) (foreign exchange control),<<KEYWORD>>,Stock
우량기업대출금리(prime rate) (prime rate),<<KEYWORD>>,Stock
우량주,<<KEYWORD>>,Stock
우리사주조합,<<KEYWORD>>,Stock
우발채무(contingent liabilities) (contingent liabilities),<<KEYWORD>>,Stock
우발채무적립금(reserve for contingencies) (reserve for contingencies),<<KEYWORD>>,Stock
우선 배당률,<<KEYWORD>>,Stock
우선주,<<KEYWORD>>,Stock
운용보수,<<KEYWORD>>,Stock
운용자산,<<KEYWORD>>,Stock
워런트(warrant) (warrant),<<KEYWORD>>,Stock
워크아웃(workout) (workout),<<KEYWORD>>,Stock
"원가주의(cost valuation basis, cost method) (cost valuation basis, cost method)",<<KEYWORD>>,Stock
원본보전과 이익보족,<<KEYWORD>>,Stock
위임장 투쟁(proxy fight) (proxy fight),<<KEYWORD>>,Stock
위탁 수수료,<<KEYWORD>>,Stock
위탁 증거금,<<KEYWORD>>,Stock
위탁 회사,<<KEYWORD>>,Stock
위탁매매,<<KEYWORD>>,Stock
위탁매매 우선의 법칙,<<KEYWORD>>,Stock
위탁모집,<<KEYWORD>>,Stock
위험관리,<<KEYWORD>>,Stock
위험자산(risky asset) (risky asset),<<KEYWORD>>,Stock
위험조정할인율(risk adjusted discount rate) (risk adjusted discount rate),<<KEYWORD>>,Stock
윌 가,<<KEYWORD>>,Stock
유가증권,<<KEYWORD>>,Stock
유가증권 신고서,<<KEYWORD>>,Stock
유가증권 투자손실준비금,<<KEYWORD>>,Stock
유니트형 투신,<<KEYWORD>>,Stock
유동부채(current liabilities) (current liabilities),<<KEYWORD>>,Stock
유동성 딜레마(liquidity dilemma) (liquidity dilemma),<<KEYWORD>>,Stock
유동성 배열법(current arrangement) (current arrangement),<<KEYWORD>>,Stock
유동성 선호(liquidity preference) (liquidity preference),<<KEYWORD>>,Stock
유동성 위험(liquidity risk) (liquidity risk),<<KEYWORD>>,Stock
유동성 장세,<<KEYWORD>>,Stock
유동성함정(liquidity trap)  (liquidity trap ),<<KEYWORD>>,Stock
유동자산(liquid assets) (liquid assets),<<KEYWORD>>,Stock
유배주,<<KEYWORD>>,Stock
유보율(reserve ratio) ((reserve ratio)),<<KEYWORD>>,Stock
유상증자,<<KEYWORD>>,Stock
유상증자(capital increase with consideration) (capital increase with consideration),<<KEYWORD>>,Stock
유지위탁증거금,<<KEYWORD>>,Stock
유지증거금(maintenance or additional margin) (maintenance or additional margin),<<KEYWORD>>,Stock
유통시장,<<KEYWORD>>,Stock
유한고정자산(tangible fixed assets) (tangible fixed assets),<<KEYWORD>>,Stock
유한회사(private company) (private company),<<KEYWORD>>,Stock
융자담보주권(collateral securities) (collateral securities),<<KEYWORD>>,Stock
융통어음,<<KEYWORD>>,Stock
은행신탁계정,<<KEYWORD>>,Stock
응모자수익률(yield to subscriber) (yield to subscriber),<<KEYWORD>>,Stock
의견거절(disclaimer of opinion) (disclaimer of opinion),<<KEYWORD>>,Stock
의결권,<<KEYWORD>>,Stock
의제배당,<<KEYWORD>>,Stock
의제자본,<<KEYWORD>>,Stock
이격도,<<KEYWORD>>,Stock
이동 평균선,<<KEYWORD>>,Stock
이동평균법(moving average method) (moving average method),<<KEYWORD>>,Stock
이론주가,<<KEYWORD>>,Stock
이븐 파 스왑(even par swap) (even par swap),<<KEYWORD>>,Stock
이익배당(dividend) (dividend),<<KEYWORD>>,Stock
이익배당청구권(claim for dividend) (claim for dividend),<<KEYWORD>>,Stock
이익사채(IB; income bond) (IB; income bond),<<KEYWORD>>,Stock
이익잉여금 처분,<<KEYWORD>>,Stock
이익참가부사채(PB:participating bond) (PB; participating bond),<<KEYWORD>>,Stock
이자거치 열위채(zero to full coupon subordinated debt) (zero to full coupon subordinated debt),<<KEYWORD>>,Stock
이자율 위험(interest rate risk) (interest rate risk),<<KEYWORD>>,Stock
인덱스 펀드(index fund) (index fund),<<KEYWORD>>,Stock
인수단,<<KEYWORD>>,Stock
인수모집,<<KEYWORD>>,Stock
인수주선업무(underwriting) (underwriting),<<KEYWORD>>,Stock
인터뱅크 시장(inter-bank market) (inter-bank market),<<KEYWORD>>,Stock
일부해지,<<KEYWORD>>,Stock
일월효과(january effect) (january effect),<<KEYWORD>>,Stock
일일정산  (daily marking to market) (daily marking to market),<<KEYWORD>>,Stock
일임매매 거래의 제한,<<KEYWORD>>,Stock
임의규정,<<KEYWORD>>,Stock
임팩트 론(impact loan) (impact loan),<<KEYWORD>>,Stock
입회,<<KEYWORD>>,Stock
잉여금(surplus) (surplus),<<KEYWORD>>,Stock
자금순환표,<<KEYWORD>>,Stock
자금운용표(application of funds statement) (application of funds statement),<<KEYWORD>>,Stock
자기 매매,<<KEYWORD>>,Stock
자기 신용,<<KEYWORD>>,Stock
자기자본,<<KEYWORD>>,Stock
자기자본 비율,<<KEYWORD>>,Stock
자기자본회전율(turnover of net worth) (turnover of net worth),<<KEYWORD>>,Stock
자동이체식증권(pass-through security) (pass-through security),<<KEYWORD>>,Stock
자본(capital stock) (capital stock),<<KEYWORD>>,Stock
자본구조(capital structure) (capital structure),<<KEYWORD>>,Stock
자본금이익률(profit ratio of paid-in capital) (profit ratio of paid-in capital),<<KEYWORD>>,Stock
자본손실(capital loss) (capital loss),<<KEYWORD>>,Stock
자본수지,<<KEYWORD>>,Stock
자본시장선(capital market line) (capital market line),<<KEYWORD>>,Stock
자본시장육성법(Law on Fostering the Capital Market) (Law on Fostering the Capital Market),<<KEYWORD>>,Stock
자본자산가격결정모형(CAPM; capital asset pricing model) (CAPM; capital asset pricing model),<<KEYWORD>>,Stock
자본준비금(capital reserve) (capital reserve),<<KEYWORD>>,Stock
자본증권,<<KEYWORD>>,Stock
자본코스트(capital reserve) (capital reserve),<<KEYWORD>>,Stock
자사주,<<KEYWORD>>,Stock
자사주 펀드,<<KEYWORD>>,Stock
자산 3분법,<<KEYWORD>>,Stock
자산가치(asset value) (asset value),<<KEYWORD>>,Stock
자산결제(asset settlement) (asset settlement),<<KEYWORD>>,Stock
자산손실률과 채권손실률,<<KEYWORD>>,Stock
자산시장접근법(asset approach to exchange rate) (asset approach to exchange rate),<<KEYWORD>>,Stock
자산운용(invested asset) (invested asset),<<KEYWORD>>,Stock
자산재평가(asset revaluation) (asset revaluation),<<KEYWORD>>,Stock
자산재평가적립금(revaluation surplus reserve) (revaluation surplus reserve),<<KEYWORD>>,Stock
자산주,<<KEYWORD>>,Stock
자원관련주,<<KEYWORD>>,Stock
자율 조정,<<KEYWORD>>,Stock
자익권,<<KEYWORD>>,Stock
자전거래(cross trading) (cross trading),<<KEYWORD>>,Stock
잔여 재산 분배 청구권,<<KEYWORD>>,Stock
잔존원본,<<KEYWORD>>,Stock
잠재 GNP(potential GNP) (potential GNP),<<KEYWORD>>,Stock
장외 파생금융상품,<<KEYWORD>>,Stock
장외시장(OTC; over-the-counter market) (OTC; over-the-counter market),<<KEYWORD>>,Stock
장외전자거래시장 (ECN (Electronic Communi-cation Network)),<<KEYWORD>>,Stock
재고순환(inventory cycle) (inventory cycle),<<KEYWORD>>,Stock
재고자산(inventories) (inventories),<<KEYWORD>>,Stock
재고자산회전율(inventory turnover ration) (nventory turnover ration),<<KEYWORD>>,Stock
재공품회전율(goods in process turnover ratio) (goods in process turnover ratio),<<KEYWORD>>,Stock
재귀성이론(refexity theory) (refexity theory),<<KEYWORD>>,Stock
재무관리(financial management) (financial management),<<KEYWORD>>,Stock
재무구조개선적립금 (reserve for finance structure improvement) (reserve for finance structure improvement),<<KEYWORD>>,Stock
재무레버리지(financial leverage) (financial leverage),<<KEYWORD>>,Stock
재무비율(financial ratio) (financial ratio),<<KEYWORD>>,Stock
재무성증권(treasury bond) (treasury bond),<<KEYWORD>>,Stock
재무위험(financial risk) (financial risk),<<KEYWORD>>,Stock
재무제표(financial statement) (financial statement),<<KEYWORD>>,Stock
재보험(reinsurance) (reinsurance),<<KEYWORD>>,Stock
재정거래(arbitrage) (arbitrage),<<KEYWORD>>,Stock
재정증권,<<KEYWORD>>,Stock
재정투융자(public investment and loan) (public investment and loan),<<KEYWORD>>,Stock
재정평가 모델(APM; arbitrage pricing model) (APM; arbitrage pricing model),<<KEYWORD>>,Stock
재취회원,<<KEYWORD>>,Stock
재테크,<<KEYWORD>>,Stock
재할인금리(rediscount rate) (rediscount rate),<<KEYWORD>>,Stock
재할인율,<<KEYWORD>>,Stock
재할인정책(rediscount policy) (rediscount policy),<<KEYWORD>>,Stock
쟁의조정위원회(disputes mediating committee) (disputes mediating committee),<<KEYWORD>>,Stock
저축기관(thrift institutions) (thrift institutions),<<KEYWORD>>,Stock
저항선,<<KEYWORD>>,Stock
적격어음(eligible paper) (eligible paper),<<KEYWORD>>,Stock
적립금(reserve) (reserve),<<KEYWORD>>,Stock
적정의견,<<KEYWORD>>,Stock
"적정의견(qualified opinion, or clean opinion) (qualified opinion, or clean opinion)",<<KEYWORD>>,Stock
전대차관,<<KEYWORD>>,Stock
전매,<<KEYWORD>>,Stock
전매,<<KEYWORD>>,Stock
전사적자원관리 (ERP (enterprise resources planning )),<<KEYWORD>>,Stock
전일 재사용 금액,<<KEYWORD>>,Stock
전환 가격,<<KEYWORD>>,Stock
전환 청구 기간,<<KEYWORD>>,Stock
전환사채(CB; conversion bond) (CB; conversion bond),<<KEYWORD>>,Stock
점두 거래,<<KEYWORD>>,Stock
점유개정,<<KEYWORD>>,Stock
접속 매매,<<KEYWORD>>,Stock
정관(memorandum of association) (memorandum of association),<<KEYWORD>>,Stock
정산(netting) (netting),<<KEYWORD>>,Stock
정상시장,<<KEYWORD>>,Stock
정크 본드(junk bond) (junk bond),<<KEYWORD>>,Stock
제 1차 금속,<<KEYWORD>>,Stock
제 3 시장,<<KEYWORD>>,Stock
제3자 유상증자,<<KEYWORD>>,Stock
제권판결(judgement of nullification) (judgement of nullification),<<KEYWORD>>,Stock
제로 쿠폰 본드(zero coupon bond) (zero coupon bond),<<KEYWORD>>,Stock
제로베타 포트폴리오(Zero-beta portfolio) (Zero-beta portfolio),<<KEYWORD>>,Stock
제로쿠폰채 (zero coupon bond) (zero coupon bond),<<KEYWORD>>,Stock
제이컵 효과(J-cup effect) (J-cup effect),<<KEYWORD>>,Stock
제척기간,<<KEYWORD>>,Stock
제한적 해석의 원칙,<<KEYWORD>>,Stock
조건부 융자제도,<<KEYWORD>>,Stock
조건부 채권(RP; repurchase agreement) (RP; repurchase agreement),<<KEYWORD>>,Stock
조세부담률,<<KEYWORD>>,Stock
조정현재가치(adjusted present value) (adjusted present value),<<KEYWORD>>,Stock
조합채권,<<KEYWORD>>,Stock
조회공시,<<KEYWORD>>,Stock
종가,<<KEYWORD>>,Stock
종합 과세,<<KEYWORD>>,Stock
종합 주가지수,<<KEYWORD>>,Stock
종합 포지션(overall position) (overall position),<<KEYWORD>>,Stock
종합금융회사(merchant bank) (merchant bank),<<KEYWORD>>,Stock
종합수지,<<KEYWORD>>,Stock
종합토지세,<<KEYWORD>>,Stock
좌,<<KEYWORD>>,Stock
주가,<<KEYWORD>>,Stock
주가 수익률,<<KEYWORD>>,Stock
주가 이동 평균 선,<<KEYWORD>>,Stock
주가 조작,<<KEYWORD>>,Stock
주가순자산율,<<KEYWORD>>,Stock
주가조작(manipulation) (manipulation),<<KEYWORD>>,Stock
주가지수,<<KEYWORD>>,Stock
주가지수 선물시장,<<KEYWORD>>,Stock
주가지수 워런트(stock index warrant) (stock index warrant),<<KEYWORD>>,Stock
주가평균법,<<KEYWORD>>,Stock
주가현금흐름비율(price cash flow ratio) (price cash flow ratio),<<KEYWORD>>,Stock
주간사,<<KEYWORD>>,Stock
주간사 회사,<<KEYWORD>>,Stock
주거래은행,<<KEYWORD>>,Stock
주당 배당금(dividends per share) (dividends per share),<<KEYWORD>>,Stock
주당 순이익,<<KEYWORD>>,Stock
주당 순자산,<<KEYWORD>>,Stock
주도주,<<KEYWORD>>,Stock
주말효과(weekend effect) (weekend effect),<<KEYWORD>>,Stock
"주문자개발생산 (ODM) (ODM (Original Development Manufacturing,Original Design Manufacturing))",<<KEYWORD>>,Stock
주식 매매,<<KEYWORD>>,Stock
주식 회사,<<KEYWORD>>,Stock
주식매수 청구권(appraisal rights of dissenting shareholders) (appraisal rights of dissenting shareholders),<<KEYWORD>>,Stock
주식배당 예고제,<<KEYWORD>>,Stock
주식배당예고제,<<KEYWORD>>,Stock
주식형 투자신탁,<<KEYWORD>>,Stock
주주,<<KEYWORD>>,Stock
주주 총회,<<KEYWORD>>,Stock
주주권,<<KEYWORD>>,Stock
주추세(major or primary trends) (major or primary trends),<<KEYWORD>>,Stock
주택저당대출(residual mortgage loan) (residual mortgage loan),<<KEYWORD>>,Stock
주택저당증권(mortgage) (mortgage),<<KEYWORD>>,Stock
준강형 가설(semi-strong form) (semi-strong form),<<KEYWORD>>,Stock
증거금(margin) (margin),<<KEYWORD>>,Stock
증권 감독원,<<KEYWORD>>,Stock
증권 거래법,<<KEYWORD>>,Stock
증권 거래소,<<KEYWORD>>,Stock
증권 관리 위원회,<<KEYWORD>>,Stock
증권 금융,<<KEYWORD>>,Stock
증권 대위,<<KEYWORD>>,Stock
증권 대체 결제 회사,<<KEYWORD>>,Stock
증권 분석사,<<KEYWORD>>,Stock
증권 외무원,<<KEYWORD>>,Stock
증권 저축,<<KEYWORD>>,Stock
증권 저축 업무,<<KEYWORD>>,Stock
증권 투자,<<KEYWORD>>,Stock
증권 투자 금융,<<KEYWORD>>,Stock
증권 투자 신탁,<<KEYWORD>>,Stock
증권 투자 신탁업법의 목적,<<KEYWORD>>,Stock
증권 회사,<<KEYWORD>>,Stock
증권거래 준비금,<<KEYWORD>>,Stock
증권거래세,<<KEYWORD>>,Stock
증권관련 집단소송제,<<KEYWORD>>,Stock
증권금융회사,<<KEYWORD>>,Stock
증권대위(securities substitution) (securities substitution),<<KEYWORD>>,Stock
증권업 협회,<<KEYWORD>>,Stock
증자,<<KEYWORD>>,Stock
지급불능위험(default risk) (default risk),<<KEYWORD>>,Stock
지급준비금(reserve requirements) (reserve requirements),<<KEYWORD>>,Stock
지방채(municipal bond) (municipal bond),<<KEYWORD>>,Stock
지분법(equity method) (equity method),<<KEYWORD>>,Stock
지수 스왑(index swap) (index swap),<<KEYWORD>>,Stock
지수옵션(index number option) (index number option ),<<KEYWORD>>,Stock
지수이동평균선,<<KEYWORD>>,Stock
지정가 주문,<<KEYWORD>>,Stock
지주 회사,<<KEYWORD>>,Stock
지지선(support line) (support line),<<KEYWORD>>,Stock
직접공시,<<KEYWORD>>,Stock
직접규제방식,<<KEYWORD>>,Stock
직접금융(direct financing) (direct financing),<<KEYWORD>>,Stock
집단경쟁매매(crowd auction) (crowd auction),<<KEYWORD>>,Stock
집중예탁,<<KEYWORD>>,Stock
집중투자(intensive investment) (intensive investment),<<KEYWORD>>,Stock
집중투표제,<<KEYWORD>>,Stock
차감결제(net balance delivery) (net balance delivery),<<KEYWORD>>,Stock
차관(credit) (credit),<<KEYWORD>>,Stock
차금결제,<<KEYWORD>>,Stock
차등배당,<<KEYWORD>>,Stock
차별가격(discriminative price) (discriminative price),<<KEYWORD>>,Stock
차별관세,<<KEYWORD>>,Stock
차익거래(arbitrage trading) (arbitrage trading),<<KEYWORD>>,Stock
차익거래펀드,<<KEYWORD>>,Stock
차입금의존도,<<KEYWORD>>,Stock
차주(borrowed stock) (borrowed stock),<<KEYWORD>>,Stock
차지거래,<<KEYWORD>>,Stock
차환(refunding) (refunding),<<KEYWORD>>,Stock
차환발행(conversion issue) (conversion issue),<<KEYWORD>>,Stock
착지거래,<<KEYWORD>>,Stock
참가은행(participating bank) (participating bank ),<<KEYWORD>>,Stock
참가적 우선주(participating prefered stock) (participating prefered stock),<<KEYWORD>>,Stock
참고환율제,<<KEYWORD>>,Stock
창립총회(organization meeting) (organization meeting ),<<KEYWORD>>,Stock
창업투자조합,<<KEYWORD>>,Stock
채권,<<KEYWORD>>,Stock
채권 수익률,<<KEYWORD>>,Stock
채권가격지수,<<KEYWORD>>,Stock
채권면역(bond immunization) (bond immunization),<<KEYWORD>>,Stock
채권선물거래(futures trading bonds) (futures trading bonds ),<<KEYWORD>>,Stock
채권지수,<<KEYWORD>>,Stock
채권투자전략,<<KEYWORD>>,Stock
챠트 분석(chart analysis) (chart analysis),<<KEYWORD>>,Stock
청산 거래(clearing transaction) (clearing transaction),<<KEYWORD>>,Stock
청산소,<<KEYWORD>>,Stock
청산절차(liquidation process) (liquidation process),<<KEYWORD>>,Stock
체계적 위험,<<KEYWORD>>,Stock
체계적위험(systematic risk) (systematic risk),<<KEYWORD>>,Stock
총수요관리(aggregate demand management policy) (aggregate demand management policy),<<KEYWORD>>,Stock
총액인수,<<KEYWORD>>,Stock
총자본 이익률,<<KEYWORD>>,Stock
총자본 회전률,<<KEYWORD>>,Stock
총통화(M2) (M2),<<KEYWORD>>,Stock
총평균법(periodic average method) (periodic average method),<<KEYWORD>>,Stock
최고가격  (ceiling price) (ceiling price),<<KEYWORD>>,Stock
최소가격 변동폭,<<KEYWORD>>,Stock
최적 통화권(optimum currency areas) (optimum currency areas),<<KEYWORD>>,Stock
최종결제,<<KEYWORD>>,Stock
최종결제가격,<<KEYWORD>>,Stock
최종결제지수,<<KEYWORD>>,Stock
최종대부자(lender of last resort) (lender of last resort),<<KEYWORD>>,Stock
추가설정,<<KEYWORD>>,Stock
추가증거금,<<KEYWORD>>,Stock
추세대,<<KEYWORD>>,Stock
추세분석(trend analysis) (trend analysis),<<KEYWORD>>,Stock
추세선(trend line) (trend line),<<KEYWORD>>,Stock
추심어음,<<KEYWORD>>,Stock
추정제무재표(pro forma financial statement) (pro forma financial statement ),<<KEYWORD>>,Stock
출자(contribution) (contribution),<<KEYWORD>>,Stock
충당금(allow reserve) (allow reserve),<<KEYWORD>>,Stock
취득원가주의,<<KEYWORD>>,Stock
카르텔,<<KEYWORD>>,Stock
카리브 금융센터(Carribean financial centers) (Carribean financial centers),<<KEYWORD>>,Stock
카멜레온 펀드(chameleon fund) (chameleon fund ),<<KEYWORD>>,Stock
카지노 자본주의,<<KEYWORD>>,Stock
카터 본드(Carter bond) (Carter bond),<<KEYWORD>>,Stock
칵테일 스왑(cocktail swap) (cocktail swap),<<KEYWORD>>,Stock
칼라(collar) (collar),<<KEYWORD>>,Stock
칼스(CALS : Computer-aided Acquisition and Logistics Support ) (CALS : Computer-aided Acquisition and Logistics Support ),<<KEYWORD>>,Stock
캐리 코스트carry cost,<<KEYWORD>>,Stock
캐리(carry) (carry ),<<KEYWORD>>,Stock
캐비넷 증권(cabinet security) (cabinet security),<<KEYWORD>>,Stock
캐스케이드 효과(cascade effect) (cascade effect ),<<KEYWORD>>,Stock
캐시 플로(cash flow) (cash flow),<<KEYWORD>>,Stock
캐피탈 론(capital loan) (capital loan ),<<KEYWORD>>,Stock
커머셜 페이퍼,<<KEYWORD>>,Stock
커버드 콜(covered call) (covered cal),<<KEYWORD>>,Stock
컨버젼 프라이스 방식(conversion price method) (conversion price method),<<KEYWORD>>,Stock
컨트리 펀드,<<KEYWORD>>,Stock
케임브리지 학파(Camebridge school) (Camebridge school),<<KEYWORD>>,Stock
코레스 계약,<<KEYWORD>>,Stock
코로마스 펀드 (KOROmas Fund ),<<KEYWORD>>,Stock
코리아 펀드,<<KEYWORD>>,Stock
코스닥 KOSDAQ,<<KEYWORD>>,Stock
코포크 지표(Coppocks index),<<KEYWORD>>,Stock
콘드라티예프 파동(Kondratiev wave),<<KEYWORD>>,Stock
콘탱코(Contango) ((Contango)),<<KEYWORD>>,Stock
콜 시장(call market),<<KEYWORD>>,Stock
콜금리(call rate) (call rate),<<KEYWORD>>,Stock
콜옵션Call Option,<<KEYWORD>>,Stock
콤비네이션(combination),<<KEYWORD>>,Stock
콩글로머릿(conglomerate),<<KEYWORD>>,Stock
쿠폰 레이트(coupon rate),<<KEYWORD>>,Stock
클라이맥스 지표(climax index),<<KEYWORD>>,Stock
키친 파동(kitchen cycle),<<KEYWORD>>,Stock
타이드론tied loan,<<KEYWORD>>,Stock
타인 자본(borrowed capital),<<KEYWORD>>,Stock
타인자본회전율turnover ratio of borrowing capital,<<KEYWORD>>,Stock
타입대,<<KEYWORD>>,Stock
타행환시스템,<<KEYWORD>>,Stock
택스 헤이븐tax haven,<<KEYWORD>>,Stock
택지소유상한제,<<KEYWORD>>,Stock
터치 방식(touch auction),<<KEYWORD>>,Stock
턴 오버(turn over) 현상,<<KEYWORD>>,Stock
턴 키 베이스 방식(turn key base system),<<KEYWORD>>,Stock
텀론(term loans),<<KEYWORD>>,Stock
텃치방식touch auction,<<KEYWORD>>,Stock
테마주,<<KEYWORD>>,Stock
텐더 빌tender bill,<<KEYWORD>>,Stock
토빈의 q,<<KEYWORD>>,Stock
토지거래 허가제,<<KEYWORD>>,Stock
토지초과이득세,<<KEYWORD>>,Stock
토탈리턴 스왑TRS : Total Return Swap,<<KEYWORD>>,Stock
통정매매,<<KEYWORD>>,Stock
통화(M1),<<KEYWORD>>,Stock
"통화 스왑(swap, currency swap)",<<KEYWORD>>,Stock
통화간 금리스왑(cross-currency interest swap),<<KEYWORD>>,Stock
통화관리,<<KEYWORD>>,Stock
통화승수,<<KEYWORD>>,Stock
통화안정계정,<<KEYWORD>>,Stock
통화안정증권,<<KEYWORD>>,Stock
투기거래(speculation trading),<<KEYWORD>>,Stock
투자 신탁 수탁 회사,<<KEYWORD>>,Stock
투자 신탁 위탁 회사,<<KEYWORD>>,Stock
투자 신탁의 순자산,<<KEYWORD>>,Stock
투자 심리선(psychological line),<<KEYWORD>>,Stock
투자금융회사,<<KEYWORD>>,Stock
투자세액공제(Investment tax credit),<<KEYWORD>>,Stock
투자신탁,<<KEYWORD>>,Stock
투자신탁수탁회사(trustee company of investment trust),<<KEYWORD>>,Stock
투자유의종목,<<KEYWORD>>,Stock
투자자문회사,<<KEYWORD>>,Stock
트랜스퍼 리스크(transfer risk),<<KEYWORD>>,Stock
트레이딩룸(Trading room),<<KEYWORD>>,Stock
특권부사채,<<KEYWORD>>,Stock
특별상각(special depreciation),<<KEYWORD>>,Stock
특수채,<<KEYWORD>>,Stock
특정금전신탁(special money intrust),<<KEYWORD>>,Stock
파레토 최적(pareto optimum),<<KEYWORD>>,Stock
파리 금융선물거래소MATIF:Marche a Terme des Instruments Financiers,<<KEYWORD>>,Stock
파생금융상품(derivatives),<<KEYWORD>>,Stock
파생외환상품,<<KEYWORD>>,Stock
파생통화,<<KEYWORD>>,Stock
파이낸셜 컴퍼니즈financial companies,<<KEYWORD>>,Stock
파이낸셜 타임즈 지수Financial Times Index,<<KEYWORD>>,Stock
파이낸셜 플래너(financial planner),<<KEYWORD>>,Stock
파이낸스,<<KEYWORD>>,Stock
파행장세,<<KEYWORD>>,Stock
팍스시니카(pax sinica),<<KEYWORD>>,Stock
판매단selling group,<<KEYWORD>>,Stock
판매단 계약서selling group agreement,<<KEYWORD>>,Stock
팔분 주가당거래량,<<KEYWORD>>,Stock
패러다임 경영(paradigm management),<<KEYWORD>>,Stock
패러티지수(parity index),<<KEYWORD>>,Stock
패밀리 펀드,<<KEYWORD>>,Stock
패턴 분석(pattern analysis),<<KEYWORD>>,Stock
팩터링(factoring),<<KEYWORD>>,Stock
퍼실리티 수수료(facility fee),<<KEYWORD>>,Stock
퍼포먼스 펀드,<<KEYWORD>>,Stock
펀드,<<KEYWORD>>,Stock
펀드 매니저,<<KEYWORD>>,Stock
편무계약,<<KEYWORD>>,Stock
평균배당수익율,<<KEYWORD>>,Stock
폐쇄형 투자신탁,<<KEYWORD>>,Stock
포괄여신한도제,<<KEYWORD>>,Stock
포괄주의,<<KEYWORD>>,Stock
포워드 마진(forward margin),<<KEYWORD>>,Stock
포트폴리오 베타(portfolio beta),<<KEYWORD>>,Stock
포트폴리오 보험(portfolio insurance),<<KEYWORD>>,Stock
포트폴리오 이론,<<KEYWORD>>,Stock
표면 수익률,<<KEYWORD>>,Stock
표면 이률,<<KEYWORD>>,Stock
표면금리(coupon rate),<<KEYWORD>>,Stock
표시채권(Unit of Account),<<KEYWORD>>,Stock
표준비율(standard ratio),<<KEYWORD>>,Stock
표지 팩터링 어음,<<KEYWORD>>,Stock
표지어음,<<KEYWORD>>,Stock
풋옵션Put Option,<<KEYWORD>>,Stock
프라임 레이트(prime rate),<<KEYWORD>>,Stock
프로그램 매매(program trading),<<KEYWORD>>,Stock
프로젝트 파이낸스(project finance),<<KEYWORD>>,Stock
프리미엄 풋(premium put),<<KEYWORD>>,Stock
피보나치수열,<<KEYWORD>>,Stock
피셔 효과(Fisher effect),<<KEYWORD>>,Stock
필립스곡선,<<KEYWORD>>,Stock
필터,<<KEYWORD>>,Stock
핏셔효과Fisher effect,<<KEYWORD>>,Stock
하계주(summer stock),<<KEYWORD>>,Stock
하드론(hard loan),<<KEYWORD>>,Stock
하락매입buy minus,<<KEYWORD>>,Stock
하락쐐기형(falling wedge dormation),<<KEYWORD>>,Stock
하이테크 주,<<KEYWORD>>,Stock
하한,<<KEYWORD>>,Stock
하향직각 삼각형(descending trading),<<KEYWORD>>,Stock
한계기업,<<KEYWORD>>,Stock
한계세율marginal tax rate,<<KEYWORD>>,Stock
한계예대율 (marginal loan-deposit ratio),<<KEYWORD>>,Stock
한계지급준비율(marginal reserve ratio),<<KEYWORD>>,Stock
한국산업은행(The Korea Development Bank),<<KEYWORD>>,Stock
한국증권금융㈜(Korea Securities Finance Corporation),<<KEYWORD>>,Stock
한국증권예탁원(Korea Securities Depository),<<KEYWORD>>,Stock
한국증권전산주식회사Korea Securities Computing Corporation,<<KEYWORD>>,Stock
한월(delivery month),<<KEYWORD>>,Stock
한정의견(qualified opinion),<<KEYWORD>>,Stock
할당관세,<<KEYWORD>>,Stock
할부금융회사(hire-purchase finance company),<<KEYWORD>>,Stock
할인율,<<KEYWORD>>,Stock
합명회사,<<KEYWORD>>,Stock
합병(mergers),<<KEYWORD>>,Stock
합병교부금,<<KEYWORD>>,Stock
합병비율(ratio of merger),<<KEYWORD>>,Stock
합병차익,<<KEYWORD>>,Stock
합성거래기법 (synthetics),<<KEYWORD>>,Stock
핫머니(hot money),<<KEYWORD>>,Stock
해산가치,<<KEYWORD>>,Stock
해약(partial redemption),<<KEYWORD>>,Stock
해외증권(oversea securities),<<KEYWORD>>,Stock
해외직접투자(oversea direct investment),<<KEYWORD>>,Stock
헤지 거래(hedge trading),<<KEYWORD>>,Stock
헤지주,<<KEYWORD>>,Stock
헤지펀드(hedge fund),<<KEYWORD>>,Stock
헤징(hedging),<<KEYWORD>>,Stock
현금결제,<<KEYWORD>>,Stock
현금예탁법(Bardepot),<<KEYWORD>>,Stock
현금흐름분석(currency flow analysis),<<KEYWORD>>,Stock
현금흐름표(statement of cash flows),<<KEYWORD>>,Stock
현물결제,<<KEYWORD>>,Stock
현물출자,<<KEYWORD>>,Stock
현선매매(Gensaki trading),<<KEYWORD>>,Stock
현지금융,<<KEYWORD>>,Stock
협조융자(co-financing),<<KEYWORD>>,Stock
호가,<<KEYWORD>>,Stock
호재(favorable factors),<<KEYWORD>>,Stock
화폐유통속도(velocity of money),<<KEYWORD>>,Stock
확실성등가(CEQ),<<KEYWORD>>,Stock
확정 배당금(guaranteed dividend),<<KEYWORD>>,Stock
확정 이자부 증권,<<KEYWORD>>,Stock
환 포지션(exchange position),<<KEYWORD>>,Stock
환노출(exchange exposure),<<KEYWORD>>,Stock
환매,<<KEYWORD>>,Stock
환매 조건부 매매,<<KEYWORD>>,Stock
환매 조건부 채권 및 BMF(Bond Management Fund),<<KEYWORD>>,Stock
환매 준비금,<<KEYWORD>>,Stock
환매수수료,<<KEYWORD>>,Stock
환매조건부 채권매매업무(RP; repurchase agreement),<<KEYWORD>>,Stock
환어음(bill of exchange),<<KEYWORD>>,Stock
환위험(foreign exchange exposure),<<KEYWORD>>,Stock
환율,<<KEYWORD>>,Stock
환투기,<<KEYWORD>>,Stock
황금률,<<KEYWORD>>,Stock
회계적 이익률법,<<KEYWORD>>,Stock
회사갱생법(Corporation Reorganization Law),<<KEYWORD>>,Stock
회사채(corporate bonds ) (corporate bonds ),<<KEYWORD>>,Stock
회사형 투자신탁,<<KEYWORD>>,Stock
후배주,<<KEYWORD>>,Stock
후순위사채(subordinated security),<<KEYWORD>>,Stock
"후입선출법(LIFO; lat-in, first-out method)",<<KEYWORD>>,Stock
희석화(dilution),<<KEYWORD>>,Stock
히스토그램 금리예측기법,<<KEYWORD>>,Stock
